Label,FinalEquity,TotalReturn,CAGR,AnnVol,Sharpe,Sortino,MaxDD,Calmar,CVaR_5,AvgExposure,TimeInMkt,TurnoverAnn,Days
BASELINE_6_1,1149814522556.189,11498144.225561889,0.16664974163746926,0.16980225698616308,0.9926372823117815,1.6302873932719695,-0.6751443450827019,0.2468357216515758,-0.025676875747761452,0.5194777011742809,0.778066215199398,7.470011208250777,26580
7B,888933264031.123,8889331.64031123,0.16380689687806216,0.1661034757368437,0.9963696620329384,1.6298794268831,-0.667176144155639,0.245522712874232,-0.025224727990580936,0.5114204291177958,0.7772761474793077,7.388606396466672,26580
