Method,MeanSharpe,MeanCAGR%,MeanMaxDD%,MeanInterventionRate
BASELINE_6_1_FROZEN,0.9694,22.096,-16.516,0.0
7B,0.9419799999999998,21.646,-16.404000000000003,0.36254
