Label,FinalEquity,TotalReturn,CAGR,AnnVol,Sharpe,Sortino,MaxDD,Calmar,CVaR_5,AvgExposure,TimeInMkt,TurnoverAnn,Days
MAHORAGA_1.0_TEST,409721.035647,3.09721,0.25939,0.255038,1.031653,1.692151,-0.234358,1.106811,-0.037711,0.559186,0.59377,12.27248,1541
QQQ,290580.016387,1.9058,0.190578,0.251454,0.819844,1.314888,-0.352416,0.540777,-0.03683,1.0,1.0,0.0,1541
EQW_TEST,535730.804858,4.357308,0.315845,0.310953,1.038723,1.707567,-0.483445,0.653322,-0.044431,1.0,1.0,0.0,1541
MOM_TEST,833259.048955,7.33259,0.41441,0.393533,1.078255,1.848953,-0.420814,0.984783,-0.053695,1.0,1.0,5.287476,1541
